Workbook

Sheet transactions-view
A1: transaction_id | B1: user_id | C1: merchant_id | D1: transaction_time | E1: transaction_date | F1: amount_inr | G1: payment_method | H1: status | I1: risk_score | J1: merchant_name | K1: category | L1: region | M1: fees | N1: daily_amount_total | O1: =IF(AND(N1 > 5000, L1 <> "East"), "High-Value Merchant Day", "") -> High-Value Merchant Day
A2: TXN100000 | B2: 350 | C2: 16 | D2: 46051.467 | E2: =int(D2) -> 46051 | F2: 2999 | G2: Wallet | H2: captured | I2: 85 | J2: =IFERROR(IFNA(vlookup(C2,merchants!$A$1:$D$41,2,FALSE),"Merchant not found"), "Merchant not found") -> Merchant_016 | K2: =IFERROR(IFNA(vlookup(C2,merchants!$A$1:$D$41,3,FALSE),"Merchant not found"), "Merchant not found") -> bill_payment | L2: =IFERROR(IFNA(vlookup(C2,merchants!$A$1:$D$41,4,FALSE),"Merchant not found"), "Merchant not found") -> West | M2: =IFERROR(IFNA(hlookup(G2,payment_methods!$A$1:$E$2,2,FALSE),"Payment method not found"), "Payment method not found") -> 0.0025 | N2: =SUMIFS(F:F,C:C,C2,E:E,E2) -> 2999 | O2: =IF(AND(N2 > 5000, L2 <> "East"), "High-Value Merchant Day", "Normal") -> Normal
A3: TXN100001 | B3: 287 | C3: 27 | D3: 46026.492 | E3: =int(D3) -> 46026 | F3: 49 | G3: UPI | H3: captured | I3: 79 | J3: =IFERROR(IFNA(vlookup(C3,merchants!$A$1:$D$41,2,FALSE),"Merchant not found"), "Merchant not found") -> Merchant_027 | K3: =IFERROR(IFNA(vlookup(C3,merchants!$A$1:$D$41,3,FALSE),"Merchant not found"), "Merchant not found") -> ecommerce | L3: =IFERROR(IFNA(vlookup(C3,merchants!$A$1:$D$41,4,FALSE),"Merchant not found"), "Merchant not found") -> North | M3: =IFERROR(IFNA(hlookup(G3,payment_methods!$A$1:$E$2,2,FALSE),"Payment method not found"), "Payment method not found") -> 0 | N3: =SUMIFS(F:F,C:C,C3,E:E,E3) -> 49 | O3: =IF(AND(N3 > 5000, L3 <> "East"), "High-Value Merchant Day", "Normal") -> Normal
A4: TXN100002 | B4: 122 | C4: 11 | D4: 46046.208 | E4: =int(D4) -> 46046 | F4: 1499 | G4: Wallet | H4: captured | I4: 22 | J4: =IFERROR(IFNA(vlookup(C4,merchants!$A$1:$D$41,2,FALSE),"Merchant not found"), "Merchant not found") -> Merchant_011 | K4: =IFERROR(IFNA(vlookup(C4,merchants!$A$1:$D$41,3,FALSE),"Merchant not found"), "Merchant not found") -> ecommerce | L4: =IFERROR(IFNA(vlookup(C4,merchants!$A$1:$D$41,4,FALSE),"Merchant not found"), "Merchant not found") -> North | M4: =IFERROR(IFNA(hlookup(G4,payment_methods!$A$1:$E$2,2,FALSE),"Payment method not found"), "Payment method not found") -> 0.0025 | N4: =SUMIFS(F:F,C:C,C4,E:E,E4) -> 1798 | O4: =IF(AND(N4 > 5000, L4 <> "East"), "High-Value Merchant Day", "Normal") -> Normal
A5: TXN100003 | B5: 92 | C5: 22 | D5: 46051.542 | E5: =int(D5) -> 46051 | F5: 49 | G5: Netbanking | H5: captured | I5: 100 | J5: =IFERROR(IFNA(vlookup(C5,merchants!$A$1:$D$41,2,FALSE),"Merchant not found"), "Merchant not found") -> Merchant_022 | K5: =IFERROR(IFNA(vlookup(C5,merchants!$A$1:$D$41,3,FALSE),"Merchant not found"), "Merchant not found") -> travel | L5: =IFERROR(IFNA(vlookup(C5,merchants!$A$1:$D$41,4,FALSE),"Merchant not found"), "Merchant not found") -> South | M5: =IFERROR(IFNA(hlookup(G5,payment_methods!$A$1:$E$2,2,FALSE),"Payment method not found"), "Payment method not found") -> 0.005 | N5: =SUMIFS(F:F,C:C,C5,E:E,E5) -> 49 | O5: =IF(AND(N5 > 5000, L5 <> "East"), "High-Value Merchant Day", "Normal") -> Normal
A6: TXN100004 | B6: 343 | C6: 16 | D6: 46052.577 | E6: =int(D6) -> 46052 | F6: 99 | G6: UPI | H6: captured | I6: 34 | J6: =IFERROR(IFNA(vlookup(C6,merchants!$A$1:$D$41,2,FALSE),"Merchant not found"), "Merchant not found") -> Merchant_016 | K6: =IFERROR(IFNA(vlookup(C6,merchants!$A$1:$D$41,3,FALSE),"Merchant not found"), "Merchant not found") -> bill_payment | L6: =IFERROR(IFNA(vlookup(C6,merchants!$A$1:$D$41,4,FALSE),"Merchant not found"), "Merchant not found") -> West | M6: =IFERROR(IFNA(hlookup(G6,payment_methods!$A$1:$E$2,2,FALSE),"Payment method not found"), "Payment method not found") -> 0 | N6: =SUMIFS(F:F,C:C,C6,E:E,E6) -> 898 | O6: =IF(AND(N6 > 5000, L6 <> "East"), "High-Value Merchant Day", "Normal") -> Normal
A7: TXN100005 | B7: 196 | C7: 3 | D7: 46028.921 | E7: =int(D7) -> 46028 | F7: 99 | G7: UPI | H7: captured | I7: 60 | J7: =IFERROR(IFNA(vlookup(C7,merchants!$A$1:$D$41,2,FALSE),"Merchant not found"), "Merchant not found") -> Merchant_003 | K7: =IFERROR(IFNA(vlookup(C7,merchants!$A$1:$D$41,3,FALSE),"Merchant not found"), "Merchant not found") -> grocery | L7: =IFERROR(IFNA(vlookup(C7,merchants!$A$1:$D$41,4,FALSE),"Merchant not found"), "Merchant not found") -> East | M7: =IFERROR(IFNA(hlookup(G7,payment_methods!$A$1:$E$2,2,FALSE),"Payment method not found"), "Payment method not found") -> 0 | N7: =SUMIFS(F:F,C:C,C7,E:E,E7) -> 898 | O7: =IF(AND(N7 > 5000, L7 <> "East"), "High-Value Merchant Day", "Normal") -> Normal
A8: TXN100006 | B8: 236 | C8: 23 | D8: 46030.286 | E8: =int(D8) -> 46030 | F8: 99 | G8: Wallet | H8: captured | I8: 39 | J8: =IFERROR(IFNA(vlookup(C8,merchants!$A$1:$D$41,2,FALSE),"Merchant not found"), "Merchant not found") -> Merchant_023 | K8: =IFERROR(IFNA(vlookup(C8,merchants!$A$1:$D$41,3,FALSE),"Merchant not found"), "Merchant not found") -> travel | L8: =IFERROR(IFNA(vlookup(C8,merchants!$A$1:$D$41,4,FALSE),"Merchant not found"), "Merchant not found") -> North | M8: =IFERROR(IFNA(hlookup(G8,payment_methods!$A$1:$E$2,2,FALSE),"Payment method not found"), "Payment method not found") -> 0.0025 | N8: =SUMIFS(F:F,C:C,C8,E:E,E8) -> 99 | O8: =IF(AND(N8 > 5000, L8 <> "East"), "High-Value Merchant Day", "Normal") -> Normal
A9: TXN100007 | B9: 13 | C9: 13 | D9: 46049.301 | E9: =int(D9) -> 46049 | F9: 99 | G9: UPI | H9: captured | I9: 51 | J9: =IFERROR(IFNA(vlookup(C9,merchants!$A$1:$D$41,2,FALSE),"Merchant not found"), "Merchant not found") -> Merchant_013 | K9: =IFERROR(IFNA(vlookup(C9,merchants!$A$1:$D$41,3,FALSE),"Merchant not found"), "Merchant not found") -> travel | L9: =IFERROR(IFNA(vlookup(C9,merchants!$A$1:$D$41,4,FALSE),"Merchant not found"), "Merchant not found") -> East | M9: =IFERROR(IFNA(hlookup(G9,payment_methods!$A$1:$E$2,2,FALSE),"Payment method not found"), "Payment method not found") -> 0 | N9: =SUMIFS(F:F,C:C,C9,E:E,E9) -> 99 | O9: =IF(AND(N9 > 5000, L9 <> "East"), "High-Value Merchant Day", "Normal") -> Normal
A10: TXN100008 | B10: 36 | C10: 18 | D10: 46033.372 | E10: =int(D10) -> 46033 | F10: 799 | G10: UPI | H10: captured | I10: 44 | J10: =IFERROR(IFNA(vlookup(C10,merchants!$A$1:$D$41,2,FALSE),"Merchant not found"), "Merchant not found") -> Merchant_018 | K10: =IFERROR(IFNA(vlookup(C10,merchants!$A$1:$D$41,3,FALSE),"Merchant not found"), "Merchant not found") -> grocery | L10: =IFERROR(IFNA(vlookup(C10,merchants!$A$1:$D$41,4,FALSE),"Merchant not found"), "Merchant not found") -> West | M10: =IFERROR(IFNA(hlookup(G10,payment_methods!$A$1:$E$2,2,FALSE),"Payment method not found"), "Payment method not found") -> 0 | N10: =SUMIFS(F:F,C:C,C10,E:E,E10) -> 799 | O10: =IF(AND(N10 > 5000, L10 <> "East"), "High-Value Merchant Day", "Normal") -> Normal
A11: TXN100009 | B11: 348 | C11: 35 | D11: 46043.684 | E11: =int(D11) -> 46043 | F11: 299 | G11: UPI | H11: captured | I11: 42 | J11: =IFERROR(IFNA(vlookup(C11,merchants!$A$1:$D$41,2,FALSE),"Merchant not found"), "Merchant not found") -> Merchant_035 | K11: =IFERROR(IFNA(vlookup(C11,merchants!$A$1:$D$41,3,FALSE),"Merchant not found"), "Merchant not found") -> recharge | L11: =IFERROR(IFNA(vlookup(C11,merchants!$A$1:$D$41,4,FALSE),"Merchant not found"), "Merchant not found") -> East | M11: =IFERROR(IFNA(hlookup(G11,payment_methods!$A$1:$E$2,2,FALSE),"Payment method not found"), "Payment method not found") -> 0 | N11: =SUMIFS(F:F,C:C,C11,E:E,E11) -> 299 | O11: =IF(AND(N11 > 5000, L11 <> "East"), "High-Value Merchant Day", "Normal") -> Normal
A12: TXN100010 | B12: 134 | C12: 12 | D12: 46023.164 | E12: =int(D12) -> 46023 | F12: 49 | G12: UPI | H12: captured | I12: 74 | J12: =IFERROR(IFNA(vlookup(C12,merchants!$A$1:$D$41,2,FALSE),"Merchant not found"), "Merchant not found") -> Merchant_012 | K12: =IFERROR(IFNA(vlookup(C12,merchants!$A$1:$D$41,3,FALSE),"Merchant not found"), "Merchant not found") -> ecommerce | L12: =IFERROR(IFNA(vlookup(C12,merchants!$A$1:$D$41,4,FALSE),"Merchant not found"), "Merchant not found") -> East | M12: =IFERROR(IFNA(hlookup(G12,payment_methods!$A$1:$E$2,2,FALSE),"Payment method not found"), "Payment method not found") -> 0 | N12: =SUMIFS(F:F,C:C,C12,E:E,E12) -> 548 | O12: =IF(AND(N12 > 5000, L12 <> "East"), "High-Value Merchant Day", "Normal") -> Normal
A13: TXN100011 | B13: 306 | C13: 28 | D13: 46031.046 | E13: =int(D13) -> 46031 | F13: 2999 | G13: Card | H13: failed | I13: 44 | J13: =IFERROR(IFNA(vlookup(C13,merchants!$A$1:$D$41,2,FALSE),"Merchant not found"), "Merchant not found") -> Merchant_028 | K13: =IFERROR(IFNA(vlookup(C13,merchants!$A$1:$D$41,3,FALSE),"Merchant not found"), "Merchant not found") -> ecommerce | L13: =IFERROR(IFNA(vlookup(C13,merchants!$A$1:$D$41,4,FALSE),"Merchant not found"), "Merchant not found") -> South | M13: =IFERROR(IFNA(hlookup(G13,payment_methods!$A$1:$E$2,2,FALSE),"Payment method not found"), "Payment method not found") -> 0.01 | N13: =SUMIFS(F:F,C:C,C13,E:E,E13) -> 2999 | O13: =IF(AND(N13 > 5000, L13 <> "East"), "High-Value Merchant Day", "Normal") -> Normal
... A548: TXN300031 | B548: 345 | C548: 12 | D548: 46045.377 | E548: =int(D548) -> 46045 | F548: 399 | G548: Card | H548: captured | I548: 69 | J548: =IFERROR(IFNA(vlookup(C548,merchants!$A$1:$D$41,2,FALSE),"Merchant not found"), "Merchant not found") -> Merchant_012 | K548: =IFERROR(IFNA(vlookup(C548,merchants!$A$1:$D$41,3,FALSE),"Merchant not found"), "Merchant not found") -> ecommerce | L548: =IFERROR(IFNA(vlookup(C548,merchants!$A$1:$D$41,4,FALSE),"Merchant not found"), "Merchant not found") -> East | M548: =IFERROR(IFNA(hlookup(G548,payment_methods!$A$1:$E$2,2,FALSE),"Payment method not found"), "Payment method not found") -> 0.01 | N548: =SUMIFS(F:F,C:C,C548,E:E,E548) -> 448 | O548: =IF(AND(N548 > 5000, L548 <> "East"), "High-Value Merchant Day", "Normal") -> Normal

Sheet Pivot Table
A1: summary of total amount_inr and count of transactions by merchant_id and status | G1: unique days transacted vs. total transaction count
G3: merchant_id | H3: COUNT of UNIQUE Txn days | I3: COUNT of transactions
G4: 1 | H4: 7 | I4: 9
G5: 2 | H5: 9 | I5: 10
G6: 3 | H6: 13 | I6: 17
G7: 4 | H7: 7 | I7: 9
G8: 5 | H8: 9 | I8: 11
G9: 6 | H9: 12 | I9: 14
G10: 7 | H10: 11 | I10: 16
G11: 8 | H11: 13 | I11: 16
G12: 9 | H12: 14 | I12: 18
G13: 10 | H13: 12 | I13: 14
G14: 11 | H14: 9 | I14: 10
G15: 12 | H15: 9 | I15: 13
... G43: 40 | H43: 13 | I43: 15
G44: Grand Total | H44: 30 | I44: 547

Sheet merchants
A1: merchant_id | B1: merchant_name | C1: category | D1: region
A2: 1 | B2: Merchant_001 | C2: ecommerce | D2: South
A3: 2 | B3: Merchant_002 | C3: grocery | D3: West
A4: 3 | B4: Merchant_003 | C4: grocery | D4: East
A5: 4 | B5: Merchant_004 | C5: ecommerce | D5: East
A6: 5 | B6: Merchant_005 | C6: recharge | D6: South
A7: 6 | B7: Merchant_006 | C7: food_delivery | D7: South
A8: 7 | B8: Merchant_007 | C8: food_delivery | D8: East
A9: 8 | B9: Merchant_008 | C9: food_delivery | D9: North
A10: 9 | B10: Merchant_009 | C10: ecommerce | D10: North
A11: 10 | B11: Merchant_010 | C11: grocery | D11: West
A12: 11 | B12: Merchant_011 | C12: ecommerce | D12: North
A13: 12 | B13: Merchant_012 | C13: ecommerce | D13: East
... A41: 40 | B41: Merchant_040 | C41: entertainment | D41: South

Sheet payment_methods
A1: payment_method | B1: Wallet | C1: UPI | D1: Card | E1: Netbanking
A2: fees | B2: 0.0025 | C2: 0 | D2: 0.01 | E2: 0.005
